Workbook

Sheet Analyse de référence
A1: Analyse de risques de référence — cas SanteTech (12 cliniques, siège à Rennes)
A2: Statut : Établi le 15/10/2026 à partir des pièces du cas et de risques classiques, avant le rapprochement avec le registre des agents.
A3: Méthode : liste de risques classiques (sinistres, continuité, cyberattaque, réseau, données, IoT, cloud, humain) appliquée aux faits du cas. Niveau = matrice du sujet (feuille « Matrice et bilan »), calculé à partir de la probabilité et de l'impact : modifiez-les et le niveau suit. La colonne Source cite la mesure de la norme ISO/IEC 27002:2022.
A4: N° | B4: Groupe | C4: Actif | D4: Menace (risque) | E4: Catégorie | F4: Probabilité | G4: Impact | H4: Niveau | I4: Traitement | J4: Mesure proposée | K4: Source
A5: MR-01 | B5: A. Sinistres physiques et environnement | C5: Salle serveurs du siège (Rennes) : ferme Citrix/RDS, DPI Nexus, AD | D5: Incendie de la salle serveurs du siège : perte simultanée du DPI, de l'annuaire et de la ferme Citrix/RDS | E5: Sinistre (disponibilité) | F5: Faible | G5: Élevé | H5: =VLOOKUP(F5&"/"&G5,'Matrice et bilan'!$A$5:$B$13,2,FALSE) -> Moyen | I5: Réduire | J5: Détection et extinction automatiques adaptées aux salles IT ; copie des données et site de secours hors du bâtiment | K5: ISO27002-7.5
A6: MR-02 | B6: A. Sinistres physiques et environnement | C6: Locaux techniques du siège et des cliniques | D6: Inondation ou dégât des eaux d'un local technique (baies, onduleurs, répartiteurs réseau) | E6: Sinistre (disponibilité) | F6: Faible | G6: Élevé | H6: =VLOOKUP(F6&"/"&G6,'Matrice et bilan'!$A$5:$B$13,2,FALSE) -> Moyen | I6: Réduire | J6: Salles hors zone inondable ou surélevées, détection d'eau, procédure d'arrêt contrôlé, équipement de secours | K6: ISO27002-7.5
A7: MR-03 | B7: A. Sinistres physiques et environnement | C7: Alimentation électrique du siège et des 12 cliniques | D7: Coupure électrique prolongée ou onduleurs défaillants : arrêt des serveurs et des équipements réseau | E7: Panne d'infrastructure (disponibilité) | F7: Moyenne | G7: Élevé | H7: =VLOOKUP(F7&"/"&G7,'Matrice et bilan'!$A$5:$B$13,2,FALSE) -> Élevé | I7: Réduire | J7: Onduleurs entretenus, groupe électrogène testé périodiquement, extinction ordonnée des systèmes | K7: ISO27002-7.11
A8: MR-04 | B8: A. Sinistres physiques et environnement | C8: Locaux techniques, postes et supports des cliniques | D8: Intrusion ou vol de matériel dans un local technique ou d'un poste contenant des données patients | E8: Accès physique (confidentialité) | F8: Moyenne | G8: Moyen | H8: =VLOOKUP(F8&"/"&G8,'Matrice et bilan'!$A$5:$B$13,2,FALSE) -> Moyen | I8: Réduire | J8: Contrôle d'accès et journal des entrées, chiffrement des disques, verrouillage des locaux techniques | K8: ISO27002-7.2
A9: MR-05 | B9: B. Continuité et disponibilité | C9: Réseau MPLS en étoile : le siège est le centre de toutes les cliniques | D9: Indisponibilité du site central : tout le trafic des 12 cliniques transite par le siège ; une panne du siège paralyse l'ensemble | E9: Disponibilité (STRIDE-D) | F9: Moyenne | G9: Élevé | H9: =VLOOKUP(F9&"/"&G9,'Matrice et bilan'!$A$5:$B$13,2,FALSE) -> Élevé | I9: Réduire | J9: Lien et équipements redondants, second point d'accès, cliniques capables de fonctionner en mode dégradé | K9: ISO27002-8.14
A10: MR-06 | B10: B. Continuité et disponibilité | C10: Lien opérateur d'une clinique | D10: Perte du lien MPLS d'une clinique : site isolé du système d'information central | E10: Disponibilité (STRIDE-D) | F10: Moyenne | G10: Moyen | H10: =VLOOKUP(F10&"/"&G10,'Matrice et bilan'!$A$5:$B$13,2,FALSE) -> Moyen | I10: Réduire | J10: Second lien (4G/5G ou opérateur différent), mode dégradé local documenté | K10: ISO27002-8.14
A11: MR-07 | B11: B. Continuité et disponibilité | C11: Ensemble du système d'information (aucun site de secours documenté) | D11: Absence de plan de reprise d'activité éprouvé et de site secondaire : en cas de sinistre majeur, reprise longue et incertaine | E11: Continuité (disponibilité) | F11: Moyenne | G11: Élevé | H11: =VLOOKUP(F11&"/"&G11,'Matrice et bilan'!$A$5:$B$13,2,FALSE) -> Élevé | I11: Réduire | J11: Plan de reprise d'activité avec objectifs de reprise, site secondaire, test annuel ; point à vérifier : non documenté dans les pièces | K11: ISO27002-5.30
A12: MR-08 | B12: B. Continuité et disponibilité | C12: Sauvegardes du DPI, de l'annuaire et des serveurs | D12: Sauvegardes absentes, non testées ou stockées au même endroit : perte de données lors d'un sinistre ou d'un rançongiciel | E12: Intégrité et disponibilité (STRIDE-T/D) | F12: Moyenne | G12: Élevé | H12: =VLOOKUP(F12&"/"&G12,'Matrice et bilan'!$A$5:$B$13,2,FALSE) -> Élevé | I12: Réduire | J12: Règle 3-2-1 avec copie hors ligne et immuable, test de restauration régulier ; point à vérifier : non documenté | K12: ISO27002-8.13
A13: MR-09 | B13: B. Continuité et disponibilité | C13: Baies SAN vieillissantes du PACS/RIS | D13: Défaillance du stockage vieillissant : perte ou indisponibilité des images médicales | E13: Panne d'infrastructure (disponibilité) | F13: Moyenne | G13: Élevé | H13: =VLOOKUP(F13&"/"&G13,'Matrice et bilan'!$A$5:$B$13,2,FALSE) -> Élevé | I13: Réduire | J13: Renouvellement planifié, réplication des images, surveillance de l'état des disques | K13: ISO27002-8.14
A14: MR-10 | B14: B. Continuité et disponibilité | C14: Serveurs et systèmes en fin de support (ESXi 6.5, Windows Server 2012 R2) | D14: Panne ou compromission sans correctif possible d'un système en fin de support | E14: Obsolescence (disponibilité / vulnérabilités) | F14: Élevée | G14: Moyen | H14: =VLOOKUP(F14&"/"&G14,'Matrice et bilan'!$A$5:$B$13,2,FALSE) -> Élevé | I14: Réduire | J14: Inventaire des versions, plan de migration daté, isolation des systèmes non migrables | K14: ISO27002-8.8
A15: MR-11 | B15: C. Cyberattaques : identités, exposition, détection | C15: Annuaire Active Directory (forêt unique, 16 contrôleurs de domaine) | D15: Rançongiciel qui chiffre l'annuaire et les serveurs en se propageant dans un réseau peu cloisonné | E15: Altération et disponibilité (STRIDE-T/D) | F15: Élevée | G15: Élevé | H15: =VLOOKUP(F15&"/"&G15,'Matrice et bilan'!$A$5:$B$13,2,FALSE) -> Critique | I15: Réduire | J15: Segmentation, sauvegardes immuables, EDR, comptes administrateurs séparés, exercice de crise cyber | K15: ISO27002-8.7
A16: MR-12 | B16: C. Cyberattaques : identités, exposition, détection | C16: Comptes d'administration de l'annuaire | D16: Compromission d'un compte administrateur de domaine et élévation de privilèges sur toute la forêt | E16: Élévation de privilèges (STRIDE-E) | F16: Moyenne | G16: Élevé | H16: =VLOOKUP(F16&"/"&G16,'Matrice et bilan'!$A$5:$B$13,2,FALSE) -> Élevé | I16: Réduire | J16: Comptes d'administration dédiés et protégés (MFA, postes d'administration), modèle de niveaux, revue des droits | K16: ISO27002-8.2
... A34: MR-30 | B34: H. Organisation, humain et tiers | C34: Sites web des 12 cliniques hébergés chez un prestataire (WordPress non durci) | D34: Défacement ou compromission des sites des cliniques, ou défaillance du prestataire : atteinte à l'image et phishing de patients | E34: Falsification (STRIDE-T) | F34: Moyenne | G34: Moyen | H34: =VLOOKUP(F34&"/"&G34,'Matrice et bilan'!$A$5:$B$13,2,FALSE) -> Moyen | I34: Transférer | J34: Contrat avec exigences de sécurité et de reprise, durcissement et mises à jour, surveillance de l'intégrité | K34: ISO27002-5.20

Sheet Comparaison avec les agents
A1: Comparaison avec le registre des agents (SanteTech : 135 risques, 75 Critique / 35 Élevé / 13 Moyen / 12 Faible)
A2: Rapprochement fait par lecture du registre (mots-clés puis jugement) : les identifiants sont les principaux rapprochements, non une liste exhaustive. Écart = niveau médian des risques rapprochés moins le niveau de la référence.
A4: N° | B4: Risque de référence | C4: Niveau référence | D4: Couverture par les agents | E4: Risques des agents rapprochés | F4: Niveaux des agents | G4: Écart de niveau | H4: Observation
A5: MR-01 | B5: Incendie de la salle serveurs du siège | C5: Moyen | D5: Non couvert | E5: — | F5: — | G5: — | H5: Aucun risque de sinistre physique dans le registre : les agents ne produisent que des scénarios d'attaque (STRIDE, LINDDUN).
A6: MR-02 | B6: Inondation ou dégât des eaux d'un local technique (baies, onduleurs, répartiteurs réseau) | C6: Moyen | D6: Non couvert | E6: — | F6: — | G6: — | H6: Idem : aucun risque d'inondation ou de dégât des eaux.
A7: MR-03 | B7: Coupure électrique prolongée ou onduleurs défaillants | C7: Élevé | D7: Non couvert | E7: — | F7: — | G7: — | H7: Idem : aucun risque de coupure électrique ni d'onduleur.
A8: MR-04 | B8: Intrusion ou vol de matériel dans un local technique ou d'un poste contenant des données patients | C8: Moyen | D8: Partiel | E8: M053, M099 | F8: 1 Critique, 1 Moyen | G8: Même niveau | H8: M053 traite l'exposition physique des locaux informatiques, M099 le stockage non chiffré en clinique. Le vol de matériel n'est pas nommé comme scénario.
A9: MR-05 | B9: Indisponibilité du site central | C9: Élevé | D9: Partiel | E9: M091, M095, M127, M033, M055 | F9: 2 Critique, 2 Élevé, 1 Moyen | G9: Même niveau | H9: Le MPLS en étoile est vu comme un défaut de cloisonnement (propagation), pas comme un point unique de défaillance : la panne du siège n'est pas décrite. M033 et M055 touchent la perte d'authentification.
A10: MR-06 | B10: Perte du lien MPLS d'une clinique | C10: Moyen | D10: Non couvert | E10: — | F10: — | G10: — | H10: La perte du lien d'une clinique n'est pas traitée (M127 concerne l'isolation logique, pas la disponibilité).
A11: MR-07 | B11: Absence de plan de reprise d'activité éprouvé et de site secondaire | C11: Élevé | D11: Non couvert | E11: — | F11: — | G11: — | H11: Aucun risque d'absence de plan de reprise ou de site secondaire (M118 parle de surcharge des serveurs de secours, pas du plan de reprise).
A12: MR-08 | B12: Sauvegardes absentes, non testées ou stockées au même endroit | C12: Élevé | D12: Non couvert | E12: — | F12: — | G12: — | H12: Aucun risque sur les sauvegardes (absence, test de restauration, copie hors ligne).
A13: MR-09 | B13: Défaillance du stockage vieillissant | C13: Élevé | D13: Partiel | E13: M004, M005, M016 | F13: 2 Critique, 1 Élevé | G13: Agents plus haut (+1) | H13: La perte des images est décrite comme conséquence d'une attaque (SMB, rançongiciel, malware) ; la panne matérielle du stockage vieillissant n'est pas décrite.
A14: MR-10 | B14: Panne ou compromission sans correctif possible d'un système en fin de support | C14: Élevé | D14: Couvert | E14: M001, M002, M034, M058, M093, M094, M116 | F14: 5 Critique, 2 Élevé | G14: Agents plus haut (+1) | H14: Bien couvert, sous l'angle des vulnérabilités des systèmes legacy (Citrix, Windows 7/XP, serveurs non patchés).
A15: MR-11 | B15: Rançongiciel qui chiffre l'annuaire et les serveurs en se propageant dans un réseau peu cloisonné | C15: Critique | D15: Couvert | E15: M005, M012, M111 | F15: 3 Critique | G15: Même niveau | H15: Rançongiciel couvert sur les images, l'accès distant et l'absence de détection.
... A34: MR-30 | B34: Défacement ou compromission des sites des cliniques, ou défaillance du prestataire | C34: Moyen | D34: Couvert | E34: M021, M023, M025, M126, M121 | F34: 3 Élevé, 2 Faible | G34: Agents plus haut (+1) | H34: Défacement et CMS couverts ; la défaillance du prestataire (volet contractuel) n'est pas traitée.

Sheet Matrice et bilan
A1: Matrice du sujet (probabilité × impact → niveau) et bilan
A3: Table de correspondance utilisée par le calcul du niveau | D3: Lecture en grille
A4: Clé : probabilité/impact | B4: Niveau | D4: Probabilité \ Impact | E4: Faible | F4: Moyen | G4: Élevé
A5: Élevée/Faible | B5: Moyen | D5: Élevée | E5: Moyen | F5: Élevé | G5: Critique
A6: Élevée/Moyen | B6: Élevé | D6: Moyenne | E6: Faible | F6: Moyen | G6: Élevé
A7: Élevée/Élevé | B7: Critique | D7: Faible | E7: Faible | F7: Faible | G7: Moyen
A8: Moyenne/Faible | B8: Faible
A9: Moyenne/Moyen | B9: Moyen
A10: Moyenne/Élevé | B10: Élevé
A11: Faible/Faible | B11: Faible
A12: Faible/Moyen | B12: Faible
A13: Faible/Élevé | B13: Moyen
A16: Répartition des niveaux
A17: Niveau | B17: Référence (30) | C17: Référence (%) | D17: Agents (135) | E17: Agents (%)
A18: Critique | B18: 5 | C18: 17 | D18: 75 | E18: 56
A19: Élevé | B19: 15 | C19: 50 | D19: 35 | E19: 26
A20: Moyen | B20: 10 | C20: 33 | D20: 13 | E20: 10
A21: Faible | B21: 0 | C21: 0 | D21: 12 | E21: 9
A23: Couverture des 30 risques de référence par le registre des agents
A24: Couverture | B24: Nombre
A25: Couvert | B25: 16
A26: Partiel | B26: 7
A27: Non couvert | B27: 7
A29: Écart de niveau sur les risques couverts ou partiels
A30: Même niveau | B30: 7
A31: Agents plus haut | B31: 14
A32: Agents plus bas | B32: 2
